Phase,Task,Status
"Initialization","Initialize project repository","To Do"
"Initialization","Set up version control (git)","To Do"
"Initialization","Configure development environment","To Do"
"Initialization","Set up package manager","To Do"
"Initialization","Create project documentation skeleton","To Do"
"Architecture Setup","Set up project folder structure","To Do"
"Architecture Setup","Configure build system and bundler","To Do"
"Architecture Setup","Set up coding standards and linter","To Do"
"Architecture Setup","Implement core routing system","To Do"
"Architecture Setup","Configure state management approach","To Do"
"Architecture Setup","Set up testing framework","To Do"
"Architecture Setup","Set up strict CI/CD pipelines","To Do"
"Architecture Setup","Configure E2E testing framework (Cypress/Playwright)","To Do"
"Authentication","Build login/signup system","To Do"
"Authentication","Implement session handling","To Do"
"Authentication","Set up auth state management","To Do"
"Authentication","Configure protected routes","To Do"
"Authentication","Implement password recovery flow","To Do"
"Authentication","Add social auth (optional)","To Do"
"Data Layer","Configure database connection","To Do"
"Data Layer","Define data models and schemas","To Do"
"Data Layer","Implement CRUD operations","To Do"
"Data Layer","Set up data validation","To Do"
"Data Layer","Implement caching layer","To Do"
"Data Layer","Configure data backup strategy","To Do"
"Business Logic","Implement core feature set","To Do"
"Business Logic","Build API endpoints","To Do"
"Business Logic","Implement validation rules","To Do"
"Business Logic","Add error handling middleware","To Do"
"Business Logic","Implement business workflows","To Do"
"Business Logic","Write integration tests","To Do"
"Business Logic","Integrate payment gateway module","To Do"
"Business Logic","Implement payment webhook handling","To Do"
"Business Logic","Write comprehensive TDD unit tests","To Do"
"Interface Layer","Implement UI components","To Do"
"Interface Layer","Build responsive layouts","To Do"
"Interface Layer","Implement user flows","To Do"
"Interface Layer","Add loading/error states","To Do"
"Interface Layer","Optimize performance","To Do"
"Interface Layer","Implement accessibility","To Do"
